Workbook

Sheet Top 10 langues
A1: Les 10 langues les plus parlées dans le monde
A2: Locuteurs natifs (L1) et seconde langue (L2), en millions — Ethnologue 2026. Population mondiale de référence : 8 300 678 395 hab. (Worldometer, 1er juillet 2026).
A4: Rang | B4: Langue | C4: Locuteurs natifs L1 (M) | D4: Locuteurs seconde langue L2 (M) | E4: Total L1+L2 (M) | F4: % locuteurs L2 | G4: Part de la pop. mondiale (locuteurs) | H4: Part de la pop. mondiale (Factbook 2022) | I4: Présence web (W3Techs)
A5: 1 | B5: Anglais | C5: 372 | D5: 1121 | E5: =C5+D5 | F5: =D5/E5 | G5: =E5/8300.678395 | H5: 0.188 | I5: 0.493
A6: 2 | B6: Mandarin (chinois) | C6: 988 | D6: 194 | E6: =C6+D6 | F6: =D6/E6 | G6: =E6/8300.678395 | H6: 0.138 | I6: 0.011
A7: 3 | B7: Hindi | C7: 347 | D7: 264 | E7: =C7+D7 | F7: =D7/E7 | G7: =E7/8300.678395 | H7: 0.075 | I7: < 0,1 %
A8: 4 | B8: Espagnol | C8: 487 | D8: 75 | E8: =C8+D8 | F8: =D8/E8 | G8: =E8/8300.678395 | H8: 0.069 | I8: 0.06
A9: 5 | B9: Arabe standard | C9: 0 | D9: 335 | E9: =C9+D9 | F9: =D9/E9 | G9: =E9/8300.678395 | H9: 0.034 | I9: < 0,1 %
A10: 6 | B10: Français | C10: 75 | D10: 258 | E10: =C10+D10 | F10: =D10/E10 | G10: =E10/8300.678395 | H10: 0.034 | I10: 0.045
A11: 7 | B11: Bengali | C11: 234 | D11: 43 | E11: =C11+D11 | F11: =D11/E11 | G11: =E11/8300.678395 | H11: 0.034 | I11: 0.001
A12: 8 | B12: Portugais | C12: 252 | D12: 18 | E12: =C12+D12 | F12: =D12/E12 | G12: =E12/8300.678395 | H12: 0.032 | I12: 0.041
A13: 9 | B13: Indonésien | C13: 78 | D13: 177 | E13: =C13+D13 | F13: =D13/E13 | G13: =E13/8300.678395 | H13: n. c. | I13: < 0,1 %
A14: 10 | B14: Ourdou | C14: 78 | D14: 168 | E14: =C14+D14 | F14: =D14/E14 | G14: =E14/8300.678395 | H14: 0.029 | I14: < 0,1 %
B15: TOTAL Top 10 | C15: =SUM(C5:C14) | D15: =SUM(D5:D14) | E15: =SUM(E5:E14) | F15: =D15/E15
A17: Formules : Total = L1 + L2 · % locuteurs L2 = L2 / Total · Part de la population mondiale = Total / 8 300,7 M (Worldometer, 01/07/2026). « n. c. » = non communiqué par la source.

Sheet Analyse
A1: Ce que montrent ces chiffres
A3: Indicateur | B3: Valeur (formule) | C3: Lecture
A4: Total de locuteurs du Top 10 | B4: ='Top 10 langues'!E15 | C4: Le Top 10 couvre une part massive de l'humanité, mais les locuteurs se cumulent (bilingues comptés deux fois).
A5: Part du Top 10 dans la population mondiale | B5: ='Top 10 langues'!E15/8300.678395 | C5: Ratio à lire avec prudence : un bilingue anglais+français entre dans deux lignes.
A6: Moyenne de locuteurs par langue du Top 10 | B6: ='Top 10 langues'!E15/10 | C6: Moyenne très tirée vers le haut par l'anglais et le mandarin.
A7: Langue la plus parlée en natif | B7: ='Top 10 langues'!C6 | C7: Le mandarin domine largement en locuteurs natifs (988 M).
A8: Langue la plus parlée toutes catégories | B8: ='Top 10 langues'!E5 | C8: L'anglais passe devant grâce à ses 1 121 M de locuteurs L2.
A9: Part de locuteurs L2 (anglais) | B9: ='Top 10 langues'!F5 | C9: 3 locuteurs de l'anglais sur 4 le parlent en seconde langue : effet de la diffusion mondiale.
A10: Part de locuteurs L2 (mandarin) | B10: ='Top 10 langues'!F6 | C10: À l'inverse, le mandarin est surtout une langue maternelle, concentrée en Asie.
A11: Présence web de l'anglais | B11: ='Top 10 langues'!I5 | C11: Près de la moitié des sites web sont en anglais (W3Techs, déc. 2025).
A12: Présence web du mandarin | B12: ='Top 10 langues'!I6 | C12: 1,1 % du web pour 1,2 Md de locuteurs : très fort décalage entre audience et contenu.

Sheet Sources
A1: Sources — chaque chiffre du classeur est traçable ici
A3: Chiffre utilisé | B3: Source | C3: Référence / URL | D3: Date de la donnée
A4: Locuteurs L1, L2 et total (millions), Top 10 | B4: Ethnologue 2026 (tableau « List of languages by total number of speakers ») | C4: https://en.wikipedia.org/wiki/List_of_languages_by_total_number_of_speakers | D4: édition Ethnologue 2026
A5: Classement Top 10 (total de locuteurs) | B5: Ethnologue — « The Ethnologue 200 » | C5: https://www.ethnologue.com/insights/ethnologue200/ | D5: 2026
A6: Nombre de pays où la langue est parlée (anglais 188, mandarin 108) | B6: Ethnologue — « What is the most spoken language? » | C6: https://www.ethnologue.com/insights/most-spoken-language/ | D6: 2025
A7: Part de la population mondiale par langue | B7: CIA World Factbook (relevé Wikipédia) | C7: https://en.wikipedia.org/wiki/List_of_languages_by_total_number_of_speakers | D7: 2022
A8: Présence sur le web (% de sites par langue de contenu) | B8: W3Techs — Usage statistics of content languages for websites | C8: https://w3techs.com/technologies/overview/content_language | D8: 3 décembre 2025
A9: Population mondiale de référence (8 300 678 395 hab.) | B9: Worldometer — « Population mondiale » | C9: https://www.worldometer.fr/world-population/population-mondiale | D9: 1er juillet 2026
