Workbook

Sheet Top 10
A1: Les 10 pays les plus peuplés du monde
A2: Populations estimées au 1er juillet 2026 — source : Worldometer, d'après ONU World Population Prospects 2024 et superficies terrestres Banque mondiale (consulté le 2026-09-25).
A4: Rang | B4: Pays | C4: Population 2026 | D4: Croissance annuelle (%) | E4: Superficie terrestre (km²) | F4: Densité calculée (hab/km²) | G4: Densité publiée (hab/km²) | H4: Indice de fécondité | I4: Âge médian (ans) | J4: Population urbaine (%) | K4: Part du monde calculée (%)
A5: 1 | B5: Inde | C5: 1476625576 | D5: 0.87 | E5: 2973190 | F5: =ROUND(C5/E5,0) | G5: 497 | H5: 1.93 | I5: 29.2 | J5: 37.6 | K5: =ROUND(C5/$C$16*100,2)
A6: 2 | B6: Chine | C6: 1412914089 | D6: -0.22 | E6: 9388211 | F6: =ROUND(C6/E6,0) | G6: 150 | H6: 1.03 | I6: 40.6 | J6: 68.7 | K6: =ROUND(C6/$C$16*100,2)
A7: 3 | B7: États-Unis | C7: 349035494 | D7: 0.51 | E7: 9147420 | F7: =ROUND(C7/E7,0) | G7: 38 | H7: 1.63 | I7: 38.7 | J7: 83.1 | K7: =ROUND(C7/$C$16*100,2)
A8: 4 | B8: Indonésie | C8: 287886782 | D8: 0.76 | E8: 1811570 | F8: =ROUND(C8/E8,0) | G8: 159 | H8: 2.08 | I8: 30.7 | J8: 60.3 | K8: =ROUND(C8/$C$16*100,2)
A9: 5 | B9: Pakistan | C9: 259299791 | D9: 1.6 | E9: 770880 | F9: =ROUND(C9/E9,0) | G9: 336 | H9: 3.44 | I9: 20.8 | J9: 34.7 | K9: =ROUND(C9/$C$16*100,2)
A10: 6 | B10: Nigéria | C10: 242431832 | D10: 2.06 | E10: 910770 | F10: =ROUND(C10/E10,0) | G10: 266 | H10: 4.21 | I10: 18.3 | J10: 55.8 | K10: =ROUND(C10/$C$16*100,2)
A11: 7 | B11: Brésil | C11: 213562666 | D11: 0.35 | E11: 8358140 | F11: =ROUND(C11/E11,0) | G11: 26 | H11: 1.59 | I11: 35.3 | J11: 91.7 | K11: =ROUND(C11/$C$16*100,2)
A12: 8 | B12: Bangladesh | C12: 177818044 | D12: 1.21 | E12: 130170 | F12: =ROUND(C12/E12,0) | G12: 1366 | H12: 2.09 | I12: 26.3 | J12: 43.2 | K12: =ROUND(C12/$C$16*100,2)
A13: 9 | B13: Russie | C13: 143394458 | D13: -0.42 | E13: 16376870 | F13: =ROUND(C13/E13,0) | G13: 9 | H13: 1.47 | I13: 40.7 | J13: 75.4 | K13: =ROUND(C13/$C$16*100,2)
A14: 10 | B14: Éthiopie | C14: 138902185 | D14: 2.53 | E14: 1000000 | F14: =ROUND(C14/E14,0) | G14: 139 | H14: 3.72 | I14: 19.3 | J14: 22.9 | K14: =ROUND(C14/$C$16*100,2)
B15: Total du top 10 | C15: =SUM(C5:C14) | D15: =ROUND(SUMPRODUCT(C5:C14,D5:D14)/C15,2) | E15: =SUM(E5:E14) | K15: =ROUND(C15/C16*100,1)
B16: Population mondiale 2026 | C16: 8300678395 | D16: 0.84 | K16: 100
B17: Monde = Worldometer, population mondiale au 1er juillet 2026 (8 300 678 395 hab., croissance +0,84 %/an).

Sheet Analyses
A1: Analyses calculées
A2: Toutes les valeurs de cet onglet sont des formules vivantes sur l'onglet « Top 10 ».
A4: Indicateur | B4: Valeur | C4: Formule employée
A5: Population cumulée du top 10 | B5: ='Top 10'!C15 | C5: SUM des populations du top 10
A6: Part du top 10 dans le monde (%) | B6: =ROUND('Top 10'!C15/'Top 10'!C16*100,1) | C6: total top 10 ÷ population mondiale × 100
A7: Superficie cumulée du top 10 (km²) | B7: ='Top 10'!E15 | C7: SUM des superficies terrestres
A8: Densité moyenne pondérée (hab/km²) | B8: =ROUND('Top 10'!C15/'Top 10'!E15,1) | C8: population totale ÷ superficie totale (pas une moyenne naïve)
A9: Pays le plus dense | B9: =INDEX('Top 10'!B5:B14,MATCH(MAX('Top 10'!G5:G14),'Top 10'!G5:G14,0)) | C9: INDEX/MATCH sur MAX de la densité publiée
A10: Densité max (hab/km²) | B10: =MAX('Top 10'!G5:G14) | C10: MAX densité publiée
A11: Pays le moins dense | B11: =INDEX('Top 10'!B5:B14,MATCH(MIN('Top 10'!G5:G14),'Top 10'!G5:G14,0)) | C11: INDEX/MATCH sur MIN de la densité publiée
A12: Densité min (hab/km²) | B12: =MIN('Top 10'!G5:G14) | C12: MIN densité publiée
A13: Rapport de densité max/min | B13: =ROUND(MAX('Top 10'!G5:G14)/MIN('Top 10'!G5:G14),0) | C13: densité Bangladesh ÷ densité Russie
A14: Croissance la plus forte (%/an) | B14: =MAX('Top 10'!D5:D14) | C14: MAX croissance annuelle
A15: Pays à la croissance la plus forte | B15: =INDEX('Top 10'!B5:B14,MATCH(MAX('Top 10'!D5:D14),'Top 10'!D5:D14,0)) | C15: INDEX/MATCH sur MAX de la croissance
A16: Pays en décroissance (effectif) | B16: =COUNTIF('Top 10'!D5:D14,"<0") | C16: COUNTIF croissance négative — Chine et Russie
A17: Âge médian moyen du top 10 (ans) | B17: =ROUND(AVERAGE('Top 10'!I5:I14),1) | C17: AVERAGE des âges médians
A18: Pays le plus jeune (âge médian) | B18: =INDEX('Top 10'!B5:B14,MATCH(MIN('Top 10'!I5:I14),'Top 10'!I5:I14,0)) | C18: INDEX/MATCH sur MIN de l'âge médian

Sheet Sources
A1: Sources et méthode
A3: Source | B3: Ce qu'elle fournit dans ce fichier | C3: URL | D3: Consultée le
A4: Worldometer — Countries in the world by population (2026) | B4: Populations 2026 des 10 pays, croissance annuelle, densités publiées, indices de fécondité, âges médians, parts urbaines et parts du monde | C4: https://www.worldometers.info/world-population/population-by-country/ | D4: 2026-09-25
A5: Worldometer — Population mondiale (2026) | B5: Population mondiale du 1er juillet 2026 : 8 300 678 395 hab. (croissance +0,84 %/an) — dénominateur des parts calculées | C5: https://www.worldometers.info/fr/population-mondiale/ | D5: 2026-09-25
A6: ONU DESA — World Population Prospects 2024 | B6: Base démographique officielle dont Worldometer dérive (estimations 1950-2024, projections jusqu'en 2100 ; population mondiale 8,2 Md en 2024) | C6: https://population.un.org/wpp/ | D6: 2026-09-25
A7: Banque mondiale — Indicateur AG.LND.TOTL.K2 (surface terrestre) | B7: Surfaces terrestres en km², reprises par Worldometer dans la colonne Land Area | C7: https://data.worldbank.org/indicator/AG.LND.TOTL.K2 | D7: 2026-09-25
A9: Méthode — colonnes calculées : la densité calculée = population ÷ superficie terrestre (elle recoupe la densité publiée Worldometer) ; la part du monde calculée = population ÷ 8 300 678 395 (population mondiale 2026). L'onglet « Analyses » ne contient que des formules vivantes sur l'onglet « Top 10 ».
